наименование,зарплата,опыт,требуемые навыки,ссылка
Швея-портной,"{'from': 75000, 'to': 85000}",Более 6 лет,"Требования: Опыт работы с различными тканями и ассортиментом одежды, ответственность, аккуратность.",https://hh.ru/vacancy/79783315
Швея на прямострочку,"{'from': 50000, 'to': None}",От 1 года до 3 лет,"Опыт работы на промышленном оборудовании. Опыт работы с трикотажным полотном. Ответственность, аккуратность, чистоплотность, скорость.",https://hh.ru/vacancy/79365911
Швея,"{'from': 100000, 'to': None}",Нет опыта,Опыт работы от 1 года. Пунктуальность. Аккуратность в работе.,https://hh.ru/vacancy/79591359
Швея,"{'from': 100000, 'to': 150000}",Нет опыта,Знание языка не обязательно.,https://hh.ru/vacancy/80044104
Швея на нижнее белье пооперационка,"{'from': 60000, 'to': 120000}",Нет опыта,Ответственность. - Качественные ровные строчки. - Аккуратность. - Внимательность. - Пунктуальность. - Умение работать с разным оборудованием (научим). - Скорость шитья (у нас большие объемы). ,https://hh.ru/vacancy/79748534
Швея-портной,"{'from': 100000, 'to': None}",От 1 года до 3 лет,"Умение работать с различными видами материалов. Умение работать на разных видах машинок. Желание обучаться новому и развиваться. Ответственность, внимательность, пунктуальность...",https://hh.ru/vacancy/80191484
Швея (на дому),"{'from': 40000, 'to': None}",От 3 до 6 лет,"Наличие своего промышленного оборудования: оверлок, прямострочка - обязательно, распошивальная машина - преимущественно. Скорость и качество работы.",https://hh.ru/vacancy/79934297
Швея-портной,,От 3 до 6 лет,"Умение работать с разными видами ткани,в том числе шелк, шифон,купро,хлопок, лен. Знание и умение работать на промышленном...",https://hh.ru/vacancy/79159884
Портная/Портной-Швея,"{'from': 80000, 'to': 140000}",От 1 года до 3 лет,"Ответственность, аккуратность, пунктуальность, трудолюбие. Опыт работы на промышленном оборудовании. Опыт работы на производстве будет вашим преимуществом.",https://hh.ru/vacancy/80121253
Швея-портной,"{'from': 80000, 'to': 130000}",От 3 до 6 лет,Умение работать со всеми видами тканей. Высокая скорость без потери качества.,https://hh.ru/vacancy/80210507
Швея,"{'from': 70000, 'to': None}",От 3 до 6 лет,Опыт работы на швейном производстве. Качественный и аккуратный пошив изделий. Желание и умение работать. Готовность шить современную трендовую женскую одежду.,https://hh.ru/vacancy/80161403
Швея,"{'from': 60000, 'to': 135000}",От 3 до 6 лет,"Опыт работы на производстве более 3-х лет. Аккуратность, точность, высокая скорость работы. Бесконфликтность и умение работать в команде. ",https://hh.ru/vacancy/79336544
Швея мотористка,"{'from': 60000, 'to': None}",От 3 до 6 лет,"Опыт работы на производственных машинках и оверлоке. Усидчивость, аккуратность, скорость, чистота рабочего места.",https://hh.ru/vacancy/79234507
Швея портной на швейное производство (в связи с расширением производства),"{'from': 120000, 'to': None}",От 1 года до 3 лет,"Профессиональное знание методов сборки и обработки швейных изделий. - Опыт работы с трикотажем и текстилем. - Скорость шитья. Навыки: - Ответственность, скорость пошива...",https://hh.ru/vacancy/79177758
Швея (ученик),"{'from': 40000, 'to': 60000}",Нет опыта,Ищем швей без опыта работы с желанием научиться шить на современном оборудовании. Наши преимущества:,https://hh.ru/vacancy/79277062
Швея портной,"{'from': None, 'to': 120000}",Нет опыта,Знание и умение работать на промышленном швейном оборудовании. Внимательность и добросовестность. Рассматриваются кандидаты с опытом и без опыта работы.,https://hh.ru/vacancy/79483635
Швея в цех по операциям,"{'from': 80000, 'to': 150000}",От 1 года до 3 лет,Швею для работы с трикотажем. Знание нескольких машин приветствуется. Скорость.,https://hh.ru/vacancy/79896662
Швея на производство,"{'from': 90000, 'to': 120000}",От 3 до 6 лет,"Качество и аккуратность в работе. Хорошие навыки работы на оверлоке, распошивальной машине, прямострочке. Опыт работы не менее 3х лет. ",https://hh.ru/vacancy/79681318
Швея,"{'from': 65000, 'to': 100000}",От 1 года до 3 лет,"Средними и легкими тканями. Знание и понимание работы промышленного швейного оборудования. Высокая скорость пошива. Работа на потоке. Качество, ответственность, аккуратность...",https://hh.ru/vacancy/79687414
Швея по ремонту одежды,"{'from': 60000, 'to': 60000}",От 1 года до 3 лет,"Трудолюбие, аккуратность, исполнительность, внимательность. Консультирование клиентов.",https://hh.ru/vacancy/79481587
Швея,"{'from': 100000, 'to': None}",От 1 года до 3 лет,"швеи с навыками работы на промышленных швейный машинах ( прямострочная, оверлок, распошивальная,петельная, поясная). Важно наличие опыта качественного пошива изделий партиями...",https://hh.ru/vacancy/80037100
Швея в швейное производство,"{'from': 100000, 'to': 180000}",От 1 года до 3 лет,Умение работать на промышленных машинах. Полный автомат. Дисциплинированность. Ответственность. Аккуратность.,https://hh.ru/vacancy/79915985
Швея-портной,"{'from': 150000, 'to': 200000}",От 1 года до 3 лет,Ищем человека с опытом работы с кожей (ремонт и пошив). Какие Ваши навыки нам необходимы: Вы умеете шить по коже...,https://hh.ru/vacancy/79014331
"Швея, подработка","{'from': None, 'to': 80000}",От 3 до 6 лет,"Знания и опыт работы на промышленных швейных машинах: прямострочка, оверлок, распошив - обязательно.",https://hh.ru/vacancy/80183565
Швея-портной,"{'from': 60000, 'to': 120000}",Нет опыта,"Прямые строчки, точность сборки, пошив изделия от начала до конца. Бережное отношение к качеству выпускаемой продукции. Внимательность к деталям, аккуратность...",https://hh.ru/vacancy/80030183
Швея-портной,"{'from': 80000, 'to': 150000}",Более 6 лет,Самое главное порядочность и адекватность!,https://hh.ru/vacancy/80197307
Швея-портной,"{'from': 80000, 'to': None}",От 1 года до 3 лет,Качественное исполнение и высокие навыки (одежда премиум сегмента). Требования: опыт работы от 2 лет.,https://hh.ru/vacancy/79684770
Швея,"{'from': 100000, 'to': 150000}",От 1 года до 3 лет,"Приглашается готовая бригада швей или швеи, которые могут и хотят работать в бригаде 5-8 человек. Опыт работы - от 3...",https://hh.ru/vacancy/79653923
Швея - портная/портной,"{'from': 90000, 'to': None}",От 1 года до 3 лет,"Высокая скорость и качество пошива. Профильное образование. Знание и умение работать на промышленном швейном оборудовании. Умение собрать изделие полностью, включая...",https://hh.ru/vacancy/79970125
Портной-швея,"{'from': 100000, 'to': None}",От 3 до 6 лет,"Мы хотим видеть в команде человека, который имеет опыт работы не менее 3 лет в производстве одежды, знает технологию обработки...",https://hh.ru/vacancy/80191797
Швея,"{'from': 75000, 'to': None}",Нет опыта,"Аккуратная прошивка изделий на прямострочной машине. Желание работать и развиваться. Желателен опыт работы на прямострочных машинах. Хорошее зрение, внимательность, обучаемость...",https://hh.ru/vacancy/79307149
Швея-портной,"{'from': 60000, 'to': 100000}",От 1 года до 3 лет,"Ответственность, аккуратность и качественное исполнения работы. Порядочность, добросовестность, умение работать в команде. Желание профессионально расти и хорошо зарабатывать .",https://hh.ru/vacancy/79242566
"Швея-помощница/помощник швеи (платья, юбки, блузы)","{'from': 80000, 'to': 110000}",От 3 до 6 лет,"Опыт работы на ""потоке"", пусть не большой, но - обязателен. От начала до конца, все операции, по пошиву, самостоятельно. ",https://hh.ru/vacancy/79517783
Швея / портной (по подгонке швейных изделий по фигуре),,От 1 года до 3 лет,Опыт работы от 1 года. Качественное выполнение работа. Высокие уровень обслуживания.,https://hh.ru/vacancy/79302009
Швея-портной,"{'from': 90000, 'to': None}",От 1 года до 3 лет,"Аккуратность, ответственность, исполнительность.",https://hh.ru/vacancy/80047964
Швея,"{'from': 100000, 'to': None}",Нет опыта,Рассмотрим кандидатов с базовым уровнем опыта работы. - Кандидаты с опытом - преимущество. - Аккуратность. - Исполнительность. - Ответственность.,https://hh.ru/vacancy/79215043
Швея,"{'from': 70000, 'to': 100000}",От 1 года до 3 лет,"В швейный цех нужны опытные швеи. Опыт работы от 1 года. Умение работать с разными типами машин (прямострочка, оверлок и...",https://hh.ru/vacancy/80200504
Швея кожаных изделий,"{'from': 80000, 'to': 120000}",От 1 года до 3 лет,Опыт работы обязателен на производстве или в мастерской от 2 лет. Опыт сборки изделий из кожи. Знание и умение работать...,https://hh.ru/vacancy/79721040
Швея,"{'from': 60000, 'to': None}",Нет опыта,"Без опыта работы. Аккуратность, ответственность, усидчивость. Желание зарабатывать.",https://hh.ru/vacancy/79666947
Швея,"{'from': 80000, 'to': None}",От 1 года до 3 лет,"1. Образование - среднее профессиональное образование без предъявления требований к стажу работы, законченные профессиональные курсы, опыт работы на текстильном производстве от...",https://hh.ru/vacancy/79971932
Швея,"{'from': 60000, 'to': None}",От 1 года до 3 лет,Среднее профильное образование. - Опыт работы не менее 1 года на массовом швейном производстве обязателен. - Опыт работы на специальном швейном оборудовании. - ,https://hh.ru/vacancy/79671068
Швея по пошиву штор,"{'from': 70000, 'to': 120000}",От 3 до 6 лет,Опыт работы по пошиву штор не менее 3-х лет.,https://hh.ru/vacancy/79365540
Закройщик - швея,"{'from': 70000, 'to': 90000}",От 1 года до 3 лет,Умение кроить и шить по готовым каркасам и тз.,https://hh.ru/vacancy/79874043
Швея 2/2,"{'from': 60000, 'to': 100000}",От 1 года до 3 лет,,https://hh.ru/vacancy/80039187
Швея (г. Москва),"{'from': 70000, 'to': 95000}",От 1 года до 3 лет,Опыт работы швеей от года. Опыт работы с пошивом плотных тканей будет Вашим преимуществом.,https://hh.ru/vacancy/80035653
Швея-портной,"{'from': 75000, 'to': None}",От 1 года до 3 лет,Аккуратность. Внимательность. Ответственность. Пунктуальность.,https://hh.ru/vacancy/79799103
Швея (Шторы),"{'from': 50000, 'to': 100000}",От 1 года до 3 лет,"Знание технологий швейного производства (прямострочка, ручная складка, ламбрекены, покрывала, римские, австрийские, французские шторы, японские панели, ""американка"", подушки, оверлок). - ",https://hh.ru/vacancy/80066154
Швея женской одежды,"{'from': 70000, 'to': 110000}",От 3 до 6 лет,"Аккуратность, отсутствие брака, высокая квалификация.",https://hh.ru/vacancy/79888701
Швея-портной / Швея,"{'from': 55000, 'to': 120000}",От 3 до 6 лет,,https://hh.ru/vacancy/80205927
Швея-портной,"{'from': 60000, 'to': 80000}",Более 6 лет,Популярный русский бренд классических костюмов и русских косовороток. Требуется портной(швея) с опытом работы не менее 5 лет. ,https://hh.ru/vacancy/79840224
Швея,"{'from': 50000, 'to': 100000}",От 3 до 6 лет,Наличие опыта работы на швейных производствах и на промышленных машинках. Высокая скорость и качество шитья. Навык работы с закрепочной машинкой...,https://hh.ru/vacancy/80037417
Швея,"{'from': 75000, 'to': 150000}",Нет опыта,Аккуратность и ответственность в работе. Мы ценим трудолюбие и мастерство.,https://hh.ru/vacancy/80012460
Швея-портной женской одежды,"{'from': 70000, 'to': 120000}",От 3 до 6 лет,Коммуникабельность. Исполнительность. Ответственность. Талант. Дисциплина. Опыт работы. Порядочность. Скорость пошива!!!!,https://hh.ru/vacancy/78376988
Швея-портной,"{'from': None, 'to': 65000}",От 3 до 6 лет,"В экспериментальный цех требуется опытная швея-портной, опыт от 3-х лет. Оклад! - Портной/Швея от 3 разряда. - ",https://hh.ru/vacancy/80104030
Швея-портной,"{'from': 75000, 'to': 90000}",От 1 года до 3 лет,"Опыт работы с тканями разного ассортимента. ∙ Знания технологии пошива легкой, летней, зимней утепленной одежды. ∙ Личные качества: внимательность, ответственность. - ",https://hh.ru/vacancy/79543608
Швея,"{'from': None, 'to': 80000}",От 3 до 6 лет,"опыт работы на швейных производственных предприятиях от 3- х лет. - аккуратность, исполнительность, ответственное отношение к работе. - образование профильное.",https://hh.ru/vacancy/79738278
Швея-портной,"{'from': 70000, 'to': None}",Более 6 лет,"Умение шить. Пунктуальность, трудолюбие, доброжелательность, аккуратность.",https://hh.ru/vacancy/80215685
Швея-портной,"{'from': 70000, 'to': None}",От 1 года до 3 лет,,https://hh.ru/vacancy/80066431
Швея-портной/мастер по ремонту одежды,"{'from': 80000, 'to': 100000}",От 3 до 6 лет,"Трудолюбие, готовность обучаться. Скорость работы, аккуратность, ровные строчки. Пунктуальность и обязательность. Знание названий швов, элементов мужского костюма и других изделий...",https://hh.ru/vacancy/79223106
Швея по пошиву текстиля,"{'from': 55000, 'to': None}",От 1 года до 3 лет,,https://hh.ru/vacancy/79891013
Швея,"{'from': 70000, 'to': 100000}",Более 6 лет,"Умение качественно шить , ровные строчки , красиво вшивать молнию. Условия: Нужно раскроить по готовому лекалу костюм , сшить его и проутюжить , оплата...",https://hh.ru/vacancy/79327049
Швея,"{'from': 70000, 'to': None}",От 1 года до 3 лет,Опыт работы не менее 1 года на подобных производствах или ателье.  Знание технологии обработки деталей и материалов; Знание технологии изготовления...,https://hh.ru/vacancy/80125429
Швея,"{'from': 75000, 'to': 95000}",Нет опыта,Аккуратность. Внимательность.,https://hh.ru/vacancy/79621329
Швея-портной,"{'from': 75000, 'to': None}",От 3 до 6 лет,"Знание профессионального оборудования. Опыт работы в индивидуальном пошиве от 3 лет. Аккуратность, ответственное отношение к работе. Работа в коллективе, коммуникабельность...",https://hh.ru/vacancy/80007996
Швея по пошиву штор,"{'from': 70000, 'to': 80000}",От 3 до 6 лет,"Опыт работы швеей по пошиву штор (не одежды) не менее 5 лет. - Аккуратность, исполнительность, ответственность. - Умение шить шторы на подкладе...",https://hh.ru/vacancy/79758976
Швея-портной,"{'from': 60000, 'to': 80000}",От 1 года до 3 лет,Опыт работы по ремонту и пошиву одежды. ⁃ Умение работать с разными видами тканей будет вашим преимуществом. ⁃ Качество исполнения и скорость...,https://hh.ru/vacancy/79388001
Швея (Мастерская фабрика идей),,От 1 года до 3 лет,Знание технологии и последовательности пошива. Навыки работы с натуральной кожей. Умение работать с вышивальной и вязальной машиной. Навыки работы на...,https://hh.ru/vacancy/80165874
Швея (производство женской одежды),"{'from': 50000, 'to': None}",От 3 до 6 лет,"Среднее или средне-специальное образование. Опыт от 3-х лет. Навык работы на промышленном оборудовании : прямострочка, 5-ти ниточный оверлок. ",https://hh.ru/vacancy/80006833
Швея-портной театрального костюма,"{'from': 50000, 'to': 75000}",От 3 до 6 лет,Профессиональное знание методов сборки и обработки изделий. Качественное выполнение швейных операций. Умение работать со всеми видами тканей.,https://hh.ru/vacancy/80220069
Швея,"{'from': 70000, 'to': None}",От 3 до 6 лет,Пунктуальность. Аккуратность. Умение общаться с клиентами.,https://hh.ru/vacancy/79624135
Швея-портной (экспериментальный цех),"{'from': 85000, 'to': None}",Более 6 лет,"Опыт работы в ателье, индивидуальном пошиве, экспериментальном цехе, производстве от 5-ти лет. Профильное образование «портной» не ниже средне-специального. ",https://hh.ru/vacancy/79550436
Швея-портной,"{'from': 80000, 'to': 180000}",От 3 до 6 лет,Профессиональное знание методов сборки и обработки швейных изделий. Умение работать со всеми видами тканей. Опыт работы работы с материалами Премиум...,https://hh.ru/vacancy/79948822
Швея на производство,"{'from': 70000, 'to': 140000}",От 1 года до 3 лет,,https://hh.ru/vacancy/79894488
Швея-портной,"{'from': 70000, 'to': 100000}",От 3 до 6 лет,Опыт работы на промышленном оборудовании. Опыт работы на швейных производствах (поток) от 3 лет. Умение работать с оборудованием для ВТО...,https://hh.ru/vacancy/80071768
Швея,"{'from': 80000, 'to': 100000}",От 3 до 6 лет,"Приветствуется знание и умение кнопочной машины. Умение работать с трикотажем. Умение настроить и заправить машину. - чистый, качественный пошив. - ",https://hh.ru/vacancy/79790898
Швея/Портной (премиальный бренд женской одежды),"{'from': None, 'to': 100000}",От 3 до 6 лет,"Ищем профессиональную швею-портного на производство женской одежды, премиум-сегмента. Опыт работы от 2-5 лет. Мы открыты рассмотреть и...",https://hh.ru/vacancy/78438119
Швея-портной,"{'from': None, 'to': 100000}",Нет опыта,"Приветствуется опыт пошива интерьерного текстиля или опыт работы на швейном производстве. Легкая обучаемость. Усидчивость, аккуратность, дисциплинированность. Знание технических данных и...",https://hh.ru/vacancy/77810787
Швея,"{'from': 70000, 'to': 130000}",От 1 года до 3 лет,"Для работы по одежде и трикотажу требуется опыт работы от 1 года в потоке, либо индивидуально. Для работы по снаряжению...",https://hh.ru/vacancy/79304550
Швея,"{'from': 80000, 'to': 120000}",От 1 года до 3 лет,"Профильное образование и аналогичный опыт работы не менее года. Умение работать на промышленном швейном оборудовании. Внимательность, аккуратность, порядочность, ответственность, исполнительность...",https://hh.ru/vacancy/80011089
Швея на производство,"{'from': 80000, 'to': 150000}",От 1 года до 3 лет,"Опыт работы от 6 месяцев. Знание технологии обработки деталей и материалов. Высокие качество пошива и скорость. Отшив полностью, а не...",https://hh.ru/vacancy/79972012
Швея-портной,"{'from': 90000, 'to': None}",От 1 года до 3 лет,"Желание зарабатывать более 100.000 руб.!!! ❷. Опыт работы на прямострочке, оверлоке, распошиве. ❸. Опыт работы с разными видами тканей. ❹. ",https://hh.ru/vacancy/80200411
Конструктор швея,,От 1 года до 3 лет,Ответственный. Пунктуальный. Исполнительный. Аккуратность. Умение работать с деликатными тканями.,https://hh.ru/vacancy/79253660
Швея,"{'from': 60000, 'to': 100000}",От 1 года до 3 лет,Ответственность. Аккуратность. Знание русского языка.,https://hh.ru/vacancy/80156508
Швея-портной,"{'from': 65000, 'to': 120000}",Нет опыта,"Умение работать быстро и качественно. Аккуратность, ответственность и исполнительность. Опыт работы от 2 лет. Образование не ниже среднего.",https://hh.ru/vacancy/79381553
Швея-портной,,От 3 до 6 лет,"Обязательно наличие бытовой или прямос­трочной швейной маши­ны, 3-х ниточного ов­ерлока, желательно 5-ти ниточный оверлок. ",https://hh.ru/vacancy/80078683
"Швея, бригада швей","{'from': 80000, 'to': 100000}",От 1 года до 3 лет,"Опыт работы на швейном производстве от 1 года. Внимательность, аккуратность, ответственность, исполнительность.",https://hh.ru/vacancy/80071469
Швея,"{'from': 68000, 'to': 130000}",От 1 года до 3 лет,"Опыт работы в швейном производстве. Знание швейного оборудования. Скорость, качество пошива.",https://hh.ru/vacancy/80233828
Швея универсал (не пошив),"{'from': 55000, 'to': 80000}",От 1 года до 3 лет,"Опыт работы швеей в ателье или на производстве. Универсальность (задачи разные, не пошив одежды). Аккуратность, ответственность, хорошая скорость работы. ",https://hh.ru/vacancy/79125369
Швея-портная/портной в экспериментальную студию Maison ESVE,"{'from': 65000, 'to': 65000}",Более 6 лет,"Опыт работы от 5 лет. Умение работать с различными видами тканей, фурнитуры. Знание промышленного оборудования. Знание технологии пошива и обработки...",https://hh.ru/vacancy/79948860
Швея,"{'from': 60000, 'to': None}",От 1 года до 3 лет,Аналогичный опыт работы на поточном швейном производстве.,https://hh.ru/vacancy/77428406
Швея-портной,"{'from': 80000, 'to': None}",От 1 года до 3 лет,Высокий уровень профессионализма. Ответственность. Вежливость.,https://hh.ru/vacancy/80222642
Швея на прямострочку,"{'from': 45000, 'to': 50000}",От 1 года до 3 лет,"Швея на трикотажную фабрику, опыт работы от 1 года на любом швейном производстве, знание оверлока и прямострочки, желательно иметь опыт...",https://hh.ru/vacancy/79777496
Швея,"{'from': 60000, 'to': 80000}",От 1 года до 3 лет,"Опыт работы на швейных машинах прямострочка, оверлок, распошив.",https://hh.ru/vacancy/79298846
Швея - универсал,"{'from': None, 'to': 70000}",От 1 года до 3 лет,Умение работать с швейным оборудованием. Опыт работы по ремонту одежды. Ответственность. Аккуратность. Исполнительность.,https://hh.ru/vacancy/80170437
Швея в гостиницу,"{'from': 40000, 'to': None}",От 1 года до 3 лет,Среднее специальное образование. Опыт работы от 1-го года желательно.,https://hh.ru/vacancy/79792210
Швея,"{'from': 80000, 'to': 120000}",От 1 года до 3 лет,"Умение работать с текстилем и трикотажем. Прямые строчки и правильные обработки. Пошив от начала до конца. Опыт пошива платья, юбки...",https://hh.ru/vacancy/80198943
Швея,"{'from': 70000, 'to': 72000}",Нет опыта,,https://hh.ru/vacancy/77903695
Швея,"{'from': 80000, 'to': 150000}",От 3 до 6 лет,"Опыт работы на оверлоке, прямострочной швейной машине. Высокая скорость работы. Внимательность. Аккуратность.",https://hh.ru/vacancy/79797501
Швея-портной,"{'from': 100000, 'to': 180000}",От 3 до 6 лет,"Прямые строчки, точность сборки, пошив изделия от начала до конца. Бережное отношение к качеству выпускаемой продукции. Внимательность к деталям, аккуратность...",https://hh.ru/vacancy/79785110
Мастер ателье/ швея,"{'from': 80000, 'to': None}",От 1 года до 3 лет,Достигать личные и командные цели и нести ответственность за результат работы. - Поддерживать порядок и чистоту на ежедневной основе. ,https://hh.ru/vacancy/80068079
Швея-портной,"{'from': 100000, 'to': None}",От 1 года до 3 лет,Умение собирать изделия от начала до конца. Умение шить по лекалам.,https://hh.ru/vacancy/79116675
Швея,"{'from': 50000, 'to': 90000}",Нет опыта,"Умение разрабатывать крой приветствуется, но необязательно. Желание обучаться. Требования: Опыт работы приветствуется. Желание обучаться обязательно. Внимательность и аккуратность в исполнении...",https://hh.ru/vacancy/79113471
Швея,"{'from': 80000, 'to': None}",От 1 года до 3 лет,Опыт работы швеей.,https://hh.ru/vacancy/79370189
Мастер швейных работ / Швея,"{'from': 60000, 'to': 150000}",От 1 года до 3 лет,Опыт работы в данной сфере. Высокое качество выдаваемой работы. Пунктуальность. Умение работать в коллективе. Аккуратность.,https://hh.ru/vacancy/79424791
Швея-закройщица/закройщик по мягкой мебели,"{'from': 80000, 'to': 100000}",От 1 года до 3 лет,"Опытный, ответственный и позитивный человек, который умеет шить и работать именно с мягкой мебелью . Наши преимущества.",https://hh.ru/vacancy/79147970
Швея-портной-универсал,"{'from': 90000, 'to': None}",От 3 до 6 лет,"Умение проводить примерку. Ответственность, аккуратность. Опыт работы в швейной сфере от 3х лет.",https://hh.ru/vacancy/79417464
Швея,"{'from': 60000, 'to': 120000}",От 1 года до 3 лет,"Опыт работы от 1 года. - Знание и опыт работ на промышленных швейных машинах: прямострочка, оверлок, распошив - обязательные. - Поясная машина, петельная...",https://hh.ru/vacancy/79643921
"Швея в цех по пошиву постельного белья и домашнего текстиля, сегмент (Средний плюс, Люкс)","{'from': 80000, 'to': 110000}",От 1 года до 3 лет,"ОПЫТ ПО ПОШИВУ НА ПРОИЗВОДСТВЕ ПОСТЕЛЬНОГО БЕЛЬЯ - ОБЯЗАТЕЛЕН. Опыт работы на промышленном оборудовании, пошиву постельного белья - обязателен.",https://hh.ru/vacancy/79417033
Швея-портной,"{'from': 50000, 'to': None}",От 1 года до 3 лет,"Опыт работы с профессиональной техникой , на промышленных машинах. Аккуратность. Чистоплотность. Пунктуальность. Опыт работы в пошиве или ремонте одежды.",https://hh.ru/vacancy/79684711
Швея-технолог мягкой мебели,"{'from': 100000, 'to': None}",От 3 до 6 лет,"Аналогичный опыт работы с мягкой мебелью, опыт моделирования диванов.",https://hh.ru/vacancy/79764387
Швея-портной (Мастер по ремонту одежды),"{'from': 85000, 'to': 130000}",От 3 до 6 лет,"пошив одежды (по желанию). - высокая квалификация. - умение работать с различными видами тканей, от тонких деликатных до пальтовых. - ответственность, аккуратность. - ",https://hh.ru/vacancy/79643490
Швея лаборант,"{'from': 80000, 'to': 90000}",Более 6 лет,"Опыт работы от 3 лет. Отличное знание технологии пошива женской одежды (легкая и верхняя). Знание промышленного оборудования. Аккуратность, порядочность.",https://hh.ru/vacancy/79742218
Швея,"{'from': 50000, 'to': 80000}",От 1 года до 3 лет,Опыт работы на профессиональном оборудовании. Аккуратность и скорость.,https://hh.ru/vacancy/80025781
Швея-портной,"{'from': 80000, 'to': 130000}",От 1 года до 3 лет,,https://hh.ru/vacancy/79462407
Швея,"{'from': 60000, 'to': 90000}",От 1 года до 3 лет,Опыт работы в швейном цехе обязателен.,https://hh.ru/vacancy/79140928
Швея,"{'from': 80000, 'to': 100000}",От 1 года до 3 лет,ОПЫТ РАБОТЫ ОБЯЗАТЕЛЕН (не менее 2х лет)! > Опыт paбoты нa швейном прoизводстве (умeниe рaботать на прoмышлeннoм швейном oбoрудoвании: Пpямoстpочка...,https://hh.ru/vacancy/80228753
Швея в трикотажную группу,"{'from': 85000, 'to': None}",От 1 года до 3 лет,"Обязателен опыт на фабрике на скоростной линии от 1 года. Готовность к выполнению однообразных и монотонных действий. Терпение, аккуратность, устойчивое...",https://hh.ru/vacancy/78166415
Швея / Портной по пошиву штор,"{'from': 70000, 'to': None}",Нет опыта,"Если у Вас нет опыта работы, но есть профильное образование и желание развиваться в этой профессии, то смело присылайте Ваше...",https://hh.ru/vacancy/78850129
Швея (швейное производство),"{'from': 65000, 'to': 100000}",От 1 года до 3 лет,Опыт работы на швейном производстве более 1 лет. - Знание технологических процессов массового производства трикотажный и текстильных изделий. - Опыт работы на...,https://hh.ru/vacancy/79128559
Швея на Петли Пуговицы,"{'from': 65000, 'to': 85000}",От 3 до 6 лет,Скорость работы.,https://hh.ru/vacancy/79119974
Швея-портной,"{'from': 80000, 'to': None}",Более 6 лет,"Работа с тонкими, деликатными тканями (шёлк, шифон, лён, шерсть, вискоза). Высокая скорость работы. Внимательность. Аккуратность. Уживчивость к коллективе.",https://hh.ru/vacancy/79873200
Швея,"{'from': 70000, 'to': 100000}",Более 6 лет,"Опыт работы, качество пошива, организованность.",https://hh.ru/vacancy/79851474
Швея-портной,"{'from': 80000, 'to': 130000}",От 1 года до 3 лет,Знание технологической обработки всех узлов изделия . Уметь собирать изделие от начала до конца. Ответственность. Пунктуальность.,https://hh.ru/vacancy/79127930
Швея,"{'from': 70000, 'to': 110000}",От 1 года до 3 лет,"Ровные швы, строчки, понимание того что делаешь. -желание работать и развивать профессиональные навыки. Требование: -Знания технологий, методов и приемов пошива...",https://hh.ru/vacancy/79421614
Швея на производство матрасов,"{'from': 40000, 'to': 110000}",От 1 года до 3 лет,Опыт работы на швейном производстве от 2-х лет. Внимательность. Обучаемость.,https://hh.ru/vacancy/79693167
Швея-портной,"{'from': 40000, 'to': 40000}",От 3 до 6 лет,"Наличие швейного образования. Опыт работы швеёй не менее 5 лет по ремонту одежды и различного текстиля. Аккуратность, доброжелательность.",https://hh.ru/vacancy/79988369
Швея-закройщик (мебель),"{'from': 90000, 'to': None}",От 3 до 6 лет,опыт работы в производстве/перетяжек мягкой мебели от 3 лет. - обладать навыками по раскройке. - желание работать и зарабатывать. - ,https://hh.ru/vacancy/79918591
Швея универсал,"{'from': 50000, 'to': None}",От 3 до 6 лет,"Опыт работы. Аккуратность, ответственность, готовность работать на результат.",https://hh.ru/vacancy/80000973
Швея-портной на бельевое производство,"{'from': 60000, 'to': 80000}",Более 6 лет,"Опыт работы по специальности (дома моды, ателье премиум класса) от 3 лет. Самозакрой и отшив образцов женской одежды премиального сегмента. ",https://hh.ru/vacancy/80005476
Швея по работе с кожей,,От 3 до 6 лет,Знание специфики работы с кожей.,https://hh.ru/vacancy/80199594
Швея-портной в Дом Моды,"{'from': 80000, 'to': 100000}",Более 6 лет,"Аккуратность. - Ответственность, добросовестность, внимательность, исполнительность. - Знание технологий, методов и приёмов пошива. Если у Вас не так много опыта, но Вы...",https://hh.ru/vacancy/79658420
Швея-портной в свадебный салон,"{'from': 80000, 'to': 160000}",От 1 года до 3 лет,Опыт работы со свадебными/вечерними платьями. Умение общаться с клиентом. Внимательность. Аккуратность.,https://hh.ru/vacancy/79942739
Швея-портной,"{'from': 70000, 'to': 80000}",Более 6 лет,Высокие требования к соискателям.Большой опыт работы.Качество и скорость. Обязанности:Индивидуальный пошив женской одежды высокого качества и сложности. Работа с тканями...,https://hh.ru/vacancy/79229948
Швея,"{'from': 50000, 'to': None}",От 1 года до 3 лет,Опыт работы на производстве от 1 года.,https://hh.ru/vacancy/79730112
Швея-портной,"{'from': 90000, 'to': 120000}",От 1 года до 3 лет,"опыт работы на швейном производстве от года. - знания швейного оборудования. - личные качества: внимательность, ответственность, аккуратность.",https://hh.ru/vacancy/79537405
Швея - портной по мебели (в район ВДНХ),"{'from': 70000, 'to': 150000}",От 1 года до 3 лет,"Наличие опыта работы на мебельном производстве будет являться Вашим преимуществом. - Дисциплинированность. - Хорошее знание русского языка, грамотность.",https://hh.ru/vacancy/79710418
"Швея в цех (Одежда), Новокосино","{'from': 50000, 'to': 100000}",От 1 года до 3 лет,,https://hh.ru/vacancy/79952124
Швея,"{'from': 70000, 'to': 80000}",От 3 до 6 лет,Опыт работы с различными видами ткани. - Опыт работы на производстве обязателен.,https://hh.ru/vacancy/79120848
Швея,"{'from': 60000, 'to': None}",От 1 года до 3 лет,Опыт работы на швейном производстве не менее 2-х лет. Знание и понимание работы промышленного швейного оборудования. Высокая скорость пошива. ,https://hh.ru/vacancy/79166799
Швея-портной,"{'from': 60000, 'to': None}",Нет опыта,"Умение работать с разными видами ткани и искусственным мехом Знание технологии пошива швейных изделий из легких, средних и тяжелых тканей...",https://hh.ru/vacancy/79464528
Швея-портной,"{'from': 80000, 'to': 120000}",От 1 года до 3 лет,"Опыт аналогичной работы в легкой промышленности - одежда, в идеале мягкая мебель (швея, портной), швейное производство. Умение шить на промышленной швейной...",https://hh.ru/vacancy/79921197
Швея-лаборант,"{'from': 90000, 'to': None}",От 3 до 6 лет,Опыт работы в пошиве от 3 лет. Умение читать лекала и проверять сопряжения. Качественно и быстро отшивать изделия. ,https://hh.ru/vacancy/78166964
Швея на производство женской одежды,"{'from': 80000, 'to': 130000}",От 3 до 6 лет,Высокое качество и скорость работы. Опыт от 3 лет. Знание русского языка. Опыт работы с тканями разной сложности (ворсовые ткани...,https://hh.ru/vacancy/75851773
Швея женской одежды,"{'from': 70000, 'to': 110000}",От 3 до 6 лет,"Аккуратность, отсутствие брака, высокая квалификация.",https://hh.ru/vacancy/79619229
Швея / Швея-портная (портной),"{'from': 60000, 'to': 100000}",От 3 до 6 лет,,https://hh.ru/vacancy/79504079
Швея - лаборант,"{'from': None, 'to': 90000}",От 1 года до 3 лет,"Отшивать и прорабатывать образцы по готовым лекалам: Бомбер, Свитшоты, Футболки, Рубашки-поло, Рубашки, Брюки/джоггеры, Костюмы трикотажные, спортивные и др. ",https://hh.ru/vacancy/79527716
Швея,,От 1 года до 3 лет,Достаточное количество оборудования. Не нужно ждать очередь на машины - планируете свою работу исходя из Вашей скорости. - Умение работать на промышленном...,https://hh.ru/vacancy/79177701
Швея,"{'from': 60000, 'to': 110000}",От 1 года до 3 лет,Опыт работы на швейном производстве не менее 2 лет. Знание и понимание работы промышленного швейного оборудования. Высокая скорость пошива. ,https://hh.ru/vacancy/79548171
Швея,"{'from': 80000, 'to': 120000}",От 1 года до 3 лет,Опыт работы обязателен. Прямые строчки. Правильная обработка узлов и умение работать по образцу. Опыт работы с текстилем и трикотажем. ,https://hh.ru/vacancy/79680600
Швея-портной,"{'from': 60000, 'to': 90000}",От 3 до 6 лет,Опыт работы от трёх лет.,https://hh.ru/vacancy/79769931
"Швея-портной (мелкий ремонт одежды), м. Динамо","{'from': 42000, 'to': None}",От 1 года до 3 лет,"Опыт работы с мужской одеждой от 1 года (швея, портной и т.д.). Опыт работы на машинке с оверлоком. Аккуратность.",https://hh.ru/vacancy/66108162
Швея,"{'from': 50000, 'to': 120000}",Нет опыта,Опыт работы от 3-5 лет. Умение работать с различными типами ткани и плотными материалами.,https://hh.ru/vacancy/78963438
Швея-портной,"{'from': 40000, 'to': None}",От 3 до 6 лет,Опыт работы в сфере ремонта и пошива одежды не менее 3-х лет. Аккуратность при работе. Знание своего дела. ,https://hh.ru/vacancy/80183198
Швея (женская одежда),"{'from': 50000, 'to': None}",От 1 года до 3 лет,"Опыт работы и профильное образование желательно. - Аккуратность, тактичность. - Активность.",https://hh.ru/vacancy/78439246
Швея-портной,"{'from': 10000, 'to': 100000}",От 1 года до 3 лет,Аккуратность. - Внимательность. - Скорость желательна.,https://hh.ru/vacancy/79637491
Швея-портной,"{'from': 40000, 'to': None}",От 1 года до 3 лет,Умeниe рaботать сo всеми видами ткани.,https://hh.ru/vacancy/79870627
Швея по ремонту одежды в ателье,"{'from': 70000, 'to': 100000}",От 1 года до 3 лет,"Знание видов и свойств материалов. Знание методов и приемов выполнения операций. Знание принципов работы со швейным оборудованием, способов устранения мелких...",https://hh.ru/vacancy/78101921
Швея,"{'from': 90000, 'to': None}",От 1 года до 3 лет,Умение быстро и качественно отшивать изделия ОТ начало ДО конца. Отшиваем большие партии одежды. Соблюдение сроков сдачи.,https://hh.ru/vacancy/79192986
Швея портной,"{'from': 70000, 'to': None}",От 3 до 6 лет,"Умение аккуратно шить. Мы ищем швей как на оверлок, так и на другие машинки, расскажите нам, что вы умеете лучше...",https://hh.ru/vacancy/79109056
Швея-портной,"{'from': 60000, 'to': 100000}",От 1 года до 3 лет,,https://hh.ru/vacancy/79479914
Швея-лаборант в экспериментальный цех,"{'from': 70000, 'to': None}",От 1 года до 3 лет,Знание современной технологии швейных изделий любой сложности специальной одежды (приветствуется). Знание и умение работать на всех видах промышленных специальных машин. ,https://hh.ru/vacancy/79845428
Швея,,От 1 года до 3 лет,"Опыт работы на потоке от 1 года. Опыт работы с трикотажем. Опыт работы на плоскошовных машинах, 2-3-4-х...",https://hh.ru/vacancy/78583033
Швея,"{'from': 60000, 'to': 85000}",От 1 года до 3 лет,"Опыт работы швеей от 1 года. Полная занятость, полный день на производстве. Умение шить по операциям на различных промышленных машинах...",https://hh.ru/vacancy/79162641
Швея-портной,"{'from': None, 'to': 120000}",От 3 до 6 лет,Швейный цех по пошиву дизайнерских штор открывает набор швей с опытом и навыками работы. Новый хороший цех 7 минут до...,https://hh.ru/vacancy/79227776
Швея/сотрудник ателье по ремонту одежды,"{'from': 75000, 'to': 80000}",От 1 года до 3 лет,Аккуратность. Пунктуальность. Умение работать на швейных машинах разного типа. Наличие опыта работы приветствуется. Дополнительные умения и знания по профессии приветствуются.,https://hh.ru/vacancy/80141391
Швея-портной,"{'from': 70000, 'to': 120000}",От 1 года до 3 лет,"Высокая скорость и качество пошива. Знание и умение работать на промышленном швейном оборудовании; (будет преимуществом). Умение собрать изделие полностью, включая...",https://hh.ru/vacancy/79338366
Швея-портной,"{'from': 50000, 'to': 100000}",Более 6 лет,"Стаж от 5 лет, добросовестное отношение к работе.",https://hh.ru/vacancy/79543576
Швея-портной,"{'from': 70000, 'to': None}",От 1 года до 3 лет,"Опыт работы более 1 года. Добросовестность, ответственность. Внимательность, исполнительность.",https://hh.ru/vacancy/79293140
Швея,"{'from': 80000, 'to': 100000}",От 1 года до 3 лет,Опыт работы с деликатными тканями и трикотажем. Соблюдение производственной и трудовой дисциплины. Знания различных видов швейного оборудования. Опыт работы или...,https://hh.ru/vacancy/77550596
Швея-портной,"{'from': 60000, 'to': 180000}",От 1 года до 3 лет,Умение работать со всеми видами тканей. Высокая скорость без потери качества.,https://hh.ru/vacancy/79359121
Швея Лаборант,"{'from': 80000, 'to': 100000}",От 1 года до 3 лет,"Знание промышленного оборудования, в том числе спецмашин.",https://hh.ru/vacancy/79164377
Швея,"{'from': 45000, 'to': 80000}",Нет опыта,"Швея (с опытом работы и без). - Ровные строчки. - Рассмотрим кандидатов в опытом работы от 1 года или без опыта, но...",https://hh.ru/vacancy/79643534
Швея-портной,"{'from': 65000, 'to': 72000}",От 1 года до 3 лет,"Опыт работы обязателен. Ответственность, исполнительность.",https://hh.ru/vacancy/79190431
Швея,,От 1 года до 3 лет,Трудолюбие. Ответственность. Наличие оборудования.,https://hh.ru/vacancy/79687703
Швея-портной,"{'from': 80, 'to': None}",От 3 до 6 лет,Знание технологии обработки изделий женской одежды. - Умение работать с разными ассортиментными группами изделий. - Опыт работы на аналогичной должности. - ,https://hh.ru/vacancy/79012041
Швея,"{'from': 75000, 'to': 110000}",От 1 года до 3 лет,"Опыт работы не менее 1 года в швейном цехе. - Аккуратность. - Опыт работы с разными видами тканей (трикотаж, текстиль, армани-шелк...",https://hh.ru/vacancy/79544980
Швея,"{'from': 60000, 'to': None}",От 1 года до 3 лет,"Опыт работы на промышленном оборудовании. - Хорошая скорость. - Аккуратность, внимательность.",https://hh.ru/vacancy/79414866
Швея-портной,"{'from': 40000, 'to': 80000}",От 1 года до 3 лет,"Швею (портную) с опытом работы по специальности от 1 года. Знание промышленного оборудования, ровная строчка, аккуратность.",https://hh.ru/vacancy/79308118
Швея-ученик,"{'from': 30000, 'to': None}",От 1 года до 3 лет,"Опыт работы на швейном производстве от 6 месяцев. Желательно знание промышленного швейного оборудования. Личные качества: внимательность, ответственность, желание обучаться.",https://hh.ru/vacancy/78979949
"Швея-портной (мелкий ремонт одежды), г. Ивантеевка","{'from': 42000, 'to': None}",От 1 года до 3 лет,"Опыт работы с мужской одеждой от 1 года (швея, портной и т.д.). Опыт работы на машинке с оверлоком. Аккуратность.",https://hh.ru/vacancy/76136960
Швея,"{'from': 70000, 'to': 75000}",От 1 года до 3 лет,"Опыт пошива изделий из мебельной ткани, кожи и экокожи. Опыт работы на швейном производстве от 1 года. (на мебельном производстве...",https://hh.ru/vacancy/80084678
Швея универсал,"{'from': 120000, 'to': 200000}",От 1 года до 3 лет,Опыт пошива одежды обязателен. Выполнение на швейных машинах операций по пошиву изделий из различных материалов в соответствии с требованиями швейного...,https://hh.ru/vacancy/79807554
Швея/мастер по пошиву,,От 1 года до 3 лет,"Опыт моделирования, пошива, раскроя, знание рынка материалов. Умение работать с тяжелыми тканями. Опыт изготовления салонов автомобилей или мягкой мебели приветствуется.",https://hh.ru/vacancy/80153603
Швея,"{'from': 50000, 'to': 120000}",От 1 года до 3 лет,Опыт работы от 1 года. Умение работать с различными типами ткани и плотными материалами.,https://hh.ru/vacancy/80221015
Портной / швея / мастер по ремонту одежды (ТЦ Европейский),"{'from': 50000, 'to': None}",От 1 года до 3 лет,"Опыт работы от 0,5 года или спец. образование. Качественное выполнение работ. Готовность поддерживать высокий уровень обслуживания. Вежливость, ответственное отношение...",https://hh.ru/vacancy/80117402
Швея-портной,"{'from': 60000, 'to': None}",Нет опыта,Качество пошива. Ответственность. Аккуратность. Исполнительность. Возможно с небольшим опытом. Даже если вы шили давно или дома.,https://hh.ru/vacancy/79796000
Швея-портной,"{'from': 80000, 'to': 130000}",От 3 до 6 лет,"Аккуратность, внимательность, исполнительность.",https://hh.ru/vacancy/79868067
Швея-портной,"{'from': 70000, 'to': 120000}",Более 6 лет,"Аккуратность и качество, опыт работы.",https://hh.ru/vacancy/79127806
Швея-портной,"{'from': 85000, 'to': 150000}",Более 6 лет,Опыт работы в ателье премиум класса. Отличное качество ремонта дорогостоящих изделий.,https://hh.ru/vacancy/80181906
Швея-портной,"{'from': 70000, 'to': None}",От 3 до 6 лет,опыт. - ответственность. - умение работать в команде. - сообразительность. - доброжелательность.,https://hh.ru/vacancy/79816802
Швея,"{'from': 80000, 'to': 110000}",От 3 до 6 лет,"Опыт работы швеей. Умение шить по готовым лекалам. Знание технологических операций при пошиве одежды. Внимательность, усидчивость, аккуратность.",https://hh.ru/vacancy/79277492
Швея-портной / ремонт одежды,"{'from': 50000, 'to': None}",От 1 года до 3 лет,Опыт работы по ремонту/пошиву одежды. Внимательность. Аккуратность.,https://hh.ru/vacancy/78415274
Швея на обувное производство,"{'from': 30000, 'to': 90000}",Нет опыта,"Приветствуется опыт работы на данной должности от 0,5 года.",https://hh.ru/vacancy/79237734
Швея,,От 1 года до 3 лет,"Опыт пошива портьер, тюля, покрывал, подушек, ламбрекенов, и т. д. от 1 года. Знание швейного оборудования. Опыт работы в сжатые...",https://hh.ru/vacancy/79225382
Швея-лаборант,"{'from': 45000, 'to': 80000}",От 1 года до 3 лет,Умение работать с тяжёлыми тканями. Аккуратность. Внимательность. Педантичность. Грамотная разговорная речь.,https://hh.ru/vacancy/80220906
Швея / Мастер ателье / Портной (ТЦ Город м.Авиамоторная),"{'from': 45000, 'to': None}",Нет опыта,"Образование: не ниже среднего специального (профильное). Навык ремонта, подгонки и корректировки изделия по фигуре. Опыт работы с изделиями из кожи...",https://hh.ru/vacancy/69214545
Швея-портной женской одежды,"{'from': 60000, 'to': 70000}",От 3 до 6 лет,Опыт работы по специальности не менее 1 года. Знание и умение работать на промышленном швейном оборудовании. Умение собрать изделие полностью...,https://hh.ru/vacancy/79480040
Швея,"{'from': 80000, 'to': 100000}",От 3 до 6 лет,Умение качественно шить. Аккуратность.,https://hh.ru/vacancy/79288867
Швея,"{'from': 80000, 'to': 160000}",От 3 до 6 лет,"Опыт работы на производстве более 3-х лет. -Аккуратность, точность, высокая скорость работы! -Бесконфликтность и умение работать в команде.",https://hh.ru/vacancy/79692534
Швея-портной,"{'from': 80000, 'to': 120000}",От 1 года до 3 лет,Желание работать больше приветствуется. Опыт работы. Аккуратность в работе. Хорошая производительность. Пунктуальность.,https://hh.ru/vacancy/79479908
Швея на трикотажный ассортимент,,От 1 года до 3 лет,"Специализация: - Опыт работы на промышленном швейном оборудовании. - Бережное отношение к качеству выпускаемой продукции. - Внимательность к деталям, аккуратность, ответственность.",https://hh.ru/vacancy/79827349
Швея,"{'from': 45000, 'to': 85000}",От 1 года до 3 лет,Добросовестно подход к работе.,https://hh.ru/vacancy/79691622
Швея,"{'from': 60000, 'to': None}",От 1 года до 3 лет,Опыт работы. Внимательность. Усидчивость.,https://hh.ru/vacancy/79445869
Швея-портной,"{'from': 65000, 'to': 120000}",Нет опыта,"Умение работать быстро и качественно. Аккуратность, ответственность и исполнительность. Опыт работы (если нет, то можем научить). Образование не ниже среднего.",https://hh.ru/vacancy/79194450
Швея-портной,"{'from': 60000, 'to': 120000}",От 1 года до 3 лет,"Опыт работы с промышленным швейным оборудованием. Аккуратность, инициативность, исполнительность.",https://hh.ru/vacancy/79422692
Швея-портной (м. Семёновская),"{'from': 70000, 'to': None}",От 1 года до 3 лет,,https://hh.ru/vacancy/79574240
"Швея-портной (мелкий ремонт одежды, м. Нагатинская)","{'from': 42000, 'to': None}",От 1 года до 3 лет,"Опыт работы с мужской одеждой от 1 года (швея, портной и т.д.). Опыт работы на машинке с оверлоком. Аккуратность.",https://hh.ru/vacancy/77593209
Швея-лаборант (технолог),"{'from': 80000, 'to': 120000}",От 3 до 6 лет,,https://hh.ru/vacancy/79938806
Швея-универсал в ателье,"{'from': 60000, 'to': 70000}",От 1 года до 3 лет,"Качественный пошив, аккуратность. Высокая скорость работы.",https://hh.ru/vacancy/79779357
Швея-портной,"{'from': 80000, 'to': None}",Более 6 лет,,https://hh.ru/vacancy/79603565
Швея,"{'from': 55000, 'to': 60000}",От 1 года до 3 лет,Желателен опыт работы от 1 года. Профильное образование – весомое преимущество. Понимание технологии пошива одежды. Желание обучаться профессии и развиваться. ,https://hh.ru/vacancy/79465322
Швея универсал,"{'from': 50000, 'to': 70000}",От 1 года до 3 лет,Опыт работы 1-3 года. Умение работать с швейным оборудованием. Опыт работы по ремонту одежды. Ответственность. Аккуратность. Исполнительность.,https://hh.ru/vacancy/79456302
Швея-лаборант,"{'from': 70000, 'to': None}",От 1 года до 3 лет,"Нам нужен сотрудник с опытом и знаниями. - навыки работы на промышленном швейном оборудовании (оверлок, прямострочная машина и распошивальная). - ",https://hh.ru/vacancy/79707857
Швея-универсал,"{'from': 70000, 'to': 90000}",От 1 года до 3 лет,Умение проработки сложных узлов. - Умение работать со всеми видами ткани. - Знание технологии обработки верхней одежды. - Внимательность к деталям.,https://hh.ru/vacancy/80096289
"Швея-портной (мелкий ремонт одежды), м. Бабушкинская","{'from': 42000, 'to': None}",От 1 года до 3 лет,"Опыт работы с мужской одеждой от 1 года (швея, портной и т.д.). Опыт работы на машинке с оверлоком. Аккуратность.",https://hh.ru/vacancy/76048748
"Швея на пошив женской одежды (платья, юбки, блузы, трикотаж)","{'from': 80000, 'to': None}",От 1 года до 3 лет,"Опыт работы от 2-х лет. Умение работать с производственными и бытовыми швейными машинами. Аккуратность, ответственность и порядочность. Понимание технологии. ",https://hh.ru/vacancy/79396560
"Швея-портной (мелкий ремонт одежды), м. Пятницкое Шоссе, ТЦ ""Отрада""","{'from': 42000, 'to': None}",От 1 года до 3 лет,"Опыт работы с мужской одеждой от 1 года (швея, портной и т.д.). Опыт работы на машинке с оверлоком. Аккуратность.",https://hh.ru/vacancy/67645625
Швея,"{'from': 40000, 'to': 70000}",От 1 года до 3 лет,Пошив медицинской одежды (легкие и средние ткани). Знание техники шитья. Требования: Среднее или средне-специальное образование. Пройденный курс профподготовки. ,https://hh.ru/vacancy/79294668
Швея,,От 1 года до 3 лет,"Основное общее образование. Опыт работы швеёй изделий из кожи от 1 года обязателен. Коммуникабельность, доброжелательность, ответственность.",https://hh.ru/vacancy/71861307
Швея-портной,"{'from': 80000, 'to': None}",От 1 года до 3 лет,Умение работать на промышленном швейном оборудовании. Качество пошива.,https://hh.ru/vacancy/79238697
Швея-портной (м. Царицыно),"{'from': 50000, 'to': None}",От 1 года до 3 лет,,https://hh.ru/vacancy/79575110
Швея/мастер по ремонту одежды,"{'from': 50000, 'to': 120000}",От 3 до 6 лет,Опыт работы в ремонте и реставрации одежды любых тканей от 5 лет. - Умение работать на всех видах швейных машин. -,https://hh.ru/vacancy/79976180
Швея-портной (пошив штор),"{'from': 60000, 'to': 100000}",От 1 года до 3 лет,Опыт работы в пошиве (желательно на шторах). Аккуратность.,https://hh.ru/vacancy/79513115
Швея / Мастер ателье / Портной (ТЦ Океания),"{'from': 50000, 'to': None}",От 1 года до 3 лет,"Образование: не ниже среднего специального (профильное). Навык ремонта, подгонки и корректировки изделия по фигуре. Опыт работы с изделиями из кожи...",https://hh.ru/vacancy/78464735
"Швея-портной (мелкий ремонт одежды, м. Алтуфьево, ТЦ ""Весна"")","{'from': 42000, 'to': None}",От 1 года до 3 лет,"Опыт работы с мужской одеждой от 1 года (швея, портной и т.д.). Опыт работы на машинке с оверлоком. Аккуратность.",https://hh.ru/vacancy/77497851
Швея на производство,"{'from': 40000, 'to': 80000}",От 1 года до 3 лет,"Умение работать на оверлоке, прямострочке, распошивальной машинах. Аккуратность. Исполнительность. Скорость пошива.",https://hh.ru/vacancy/79816723
Швея-ручница/ручник,"{'from': 35000, 'to': 45000}",Нет опыта,Усидчивость. Аккуратность. Опыт не имеет значение.,https://hh.ru/vacancy/79521537
Швея,"{'from': None, 'to': 80000}",От 1 года до 3 лет,"Опыт работы на швейных потоках для производства малосерийных или крупных партий швейных изделий легкого ассортимента (платья, блузки, юбки, брюки, кроенный...",https://hh.ru/vacancy/67331357
Швея,"{'from': 50000, 'to': None}",От 1 года до 3 лет,"Знание промышленного оборудования, технологии пошива. Требования: Опыт работы на промышленных швейных машинах: оверлок, распошивалка, прямострочка, двухиголка, пуговичная, поясная и другие. ",https://hh.ru/vacancy/78464855
Швея-портной,"{'from': 60000, 'to': None}",От 1 года до 3 лет,"Умение работать на промышенных швейных машинах,таких как: Знание обработки и пошива трикотажных изделий.",https://hh.ru/vacancy/79796530
Швея-Портной в свадебный салон,"{'from': 80000, 'to': 150000}",От 1 года до 3 лет,Опыт работы по специальности. Аккуратность. Пунктуальность. Ответственность. Внимательность.,https://hh.ru/vacancy/79800471
Швея-портной,"{'from': 60000, 'to': None}",От 1 года до 3 лет,Аккуратность. Умение работать с разными тканями. Внимательность. Опыт работы на разном оборудовании.,https://hh.ru/vacancy/80034124
Швея/Портной,"{'from': 70000, 'to': 110000}",От 3 до 6 лет,"Имеете опыт работы от 3-х лет. Есть 4-5 разряд. Стремитесь к развитию. Аккуратный, не конфликтный, любите своё дело.",https://hh.ru/vacancy/78678677
Швея-портной ( мелкий ремонт одежды ),"{'from': 42000, 'to': None}",От 1 года до 3 лет,"Опыт работы с мужской одеждой от 1 года (швея, портной и т.д.). Опыт работы на машинке с оверлоком. Аккуратность.",https://hh.ru/vacancy/77577116
Швея-портной,"{'from': 75000, 'to': None}",От 1 года до 3 лет,Профессиональное знание методов сборки и обработки швейных изделий. Требования: Умение работать со всеми видами тканей. Высокая скорость без потери качества. ,https://hh.ru/vacancy/79478483
Швея-портной,"{'from': 45000, 'to': 75000}",От 1 года до 3 лет,Образование (профильное). - Опыт работы обязателен. - Знание технологий пошива изделий. - Качество и скорость пошива.,https://hh.ru/vacancy/80104855
Швея,"{'from': 40000, 'to': 40000}",От 1 года до 3 лет,Опыт работы по ТК от 1 года. Среднее-профессиональное образование.,https://hh.ru/vacancy/79586761
Швея,"{'from': 50000, 'to': 80000}",От 1 года до 3 лет,"Умение шить на швейной машине. - Умение работать в потоке. - Высокая скорость, аккуратность, внимательность, ответственность.",https://hh.ru/vacancy/74383137
Швея-универсал текстильной группы,"{'from': 85000, 'to': None}",От 1 года до 3 лет,Среднее/ Высшие профессиональное образование. Обязательно знание ассортимента швейной продукции и свойства материалов. Знание методов и приемов выполнения операций по пошиву...,https://hh.ru/vacancy/78165410
Швея в мастерскую Южное Бутово,"{'from': 35000, 'to': 80000}",От 1 года до 3 лет,"Профильное образование, опыт работы от года.",https://hh.ru/vacancy/79956407
"Швея-портной (""люкс"")","{'from': 70000, 'to': None}",От 3 до 6 лет,"Среднее (высшее) профильное образование. Опыт работы от 3-х лет в пошиве одежды люкс, эксклюзивной одежды сложного кроя. ",https://hh.ru/vacancy/79498263
Швея-портной,"{'from': 40000, 'to': 65000}",От 3 до 6 лет,"Пунктуальность, порядочность.",https://hh.ru/vacancy/80181262
"Швея-портной (по мелкому ремонту одежды, м. Кузьминки)","{'from': 42000, 'to': None}",От 1 года до 3 лет,"Опыт работы с мужской одеждой от 1 года (швея, портной и т.д.). Опыт работы на машинке с оверлоком. Аккуратность.",https://hh.ru/vacancy/79253755
Швея-лаборант,"{'from': 70000, 'to': None}",От 3 до 6 лет,"Вы опытный профессионал и отлично знаете технологию раскроя, пошива одежды. Постоянно интересуетесь всем, что происходит в вашей сфере деятельности в...",https://hh.ru/vacancy/79262712
"Швея-портной (мелкий ремонт одежды), м. Марьино","{'from': 42000, 'to': None}",От 1 года до 3 лет,"Опыт работы с мужской одеждой от 1 года (швея, портной и т.д.). Опыт работы на машинке с оверлоком. Аккуратность.",https://hh.ru/vacancy/75908435
"Швея на швейное производство (автоковрики, кофры)","{'from': 60000, 'to': None}",Нет опыта,,https://hh.ru/vacancy/79372580
Швея лаборант,"{'from': 70000, 'to': None}",От 3 до 6 лет,"знание технологий пошива изделий. - высокие стандарты качества пошива. - знание промышленного оборудование, ВТО.",https://hh.ru/vacancy/79037571
Портной-Швея,,От 3 до 6 лет,"профессиональное образование. -опыт работы в ателье (отшив изделия от начала до конца). -ответственность, аккуратность.",https://hh.ru/vacancy/79113052
Швея-портной (мелкий ремонт одежды) м. Белорусская,"{'from': 42000, 'to': None}",От 1 года до 3 лет,"Опыт работы с мужской одеждой от 1 года (швея, портной и т.д.). Опыт работы на машинке с оверлоком. Аккуратность.",https://hh.ru/vacancy/71761952
Швея/лаборант,"{'from': 60000, 'to': None}",Более 6 лет,опыт работы от 10 лет. -регулировать скорость машины при выполнении различных видов швов. - умение работать в команде.,https://hh.ru/vacancy/79507755
"Швея-портной (мелкий ремонт одежды), м. Митино","{'from': 42000, 'to': None}",От 1 года до 3 лет,"Опыт работы с мужской одеждой от 1 года (швея, портной и т.д.). Опыт работы на машинке с оверлоком. Аккуратность.",https://hh.ru/vacancy/79476278
Швея,"{'from': None, 'to': 60000}",От 3 до 6 лет,Опыт работы от 3-х лет на всех операциях. Аккуратность.,https://hh.ru/vacancy/79517670
Швея-портной (мелкий ремонт одежды) м. Динамо,"{'from': 42000, 'to': None}",От 1 года до 3 лет,"Опыт работы с мужской одеждой от 1 года (швея, портной и т.д.). Опыт работы на машинке с оверлоком. Аккуратность.",https://hh.ru/vacancy/69199771
"Швея-портной (мелкий ремонт одежды, м. Алексеевская)","{'from': 42000, 'to': None}",От 1 года до 3 лет,"Опыт работы с мужской одеждой от 1 года (швея, портной и т.д.). Опыт работы на машинке с оверлоком. Аккуратность.",https://hh.ru/vacancy/79712546
Швея универсал,"{'from': 45000, 'to': 55000}",От 1 года до 3 лет,Имеет опыт работы на промышленном оборудовании. - Умеет работать с различными видами ткани и понимает технологию обработки изделия. - Умеет работать с...,https://hh.ru/vacancy/80117739
Швея (пошив образцов),"{'from': 40000, 'to': 80000}",От 1 года до 3 лет,"Опыт аналогичной работы на фабриках, знание спецмашин. Опыт работы швеёй обязателен!!!. Аккуратность. Исполнительность. Пунктуальность.",https://hh.ru/vacancy/79408234
Швея-портной,"{'from': 70000, 'to': None}",От 1 года до 3 лет,"Опыт работы от 1 года. - Качественный пошив. - Знание профессиональных машинок (оверлок, прямострочная машинка, распошивальная машинка, желательно поясная).",https://hh.ru/vacancy/79593645
Швея,,От 3 до 6 лет,Релевантный опыт работы от трех лет. Опыт работы на фабрике.,https://hh.ru/vacancy/78185882
Швея-портной в ателье / мастер по ремонту одежды,"{'from': 45000, 'to': 120000}",От 1 года до 3 лет,"Навыки пошива. Знание современного оборудования. Требования: Грамотная речь, хорошее знание русского языка. Хороший темп работы.",https://hh.ru/vacancy/80082095
Швея (мягкая мебель),"{'from': 70000, 'to': 100000}",От 1 года до 3 лет,опыт работы на мебельном производстве. - умение кроить и шить чехлы для мягкой мебели.,https://hh.ru/vacancy/79862230
Швея,"{'from': None, 'to': 70000}",От 1 года до 3 лет,"Опыт работы от 1-3 лет. Приветствуется профессиональное образование: училище, колледж (портной, швея экспериментального цеха, лаборант). Знание и владение технологии...",https://hh.ru/vacancy/79151154
Швея по шторам,"{'from': 50000, 'to': 80000}",От 1 года до 3 лет,"Пошив текстильных изделий любой сложности быстро и аккуратно. Требования: Аккуратность,исполнительность, ответственное отношение к работе. Высокое требование к качеству.",https://hh.ru/vacancy/79858702
Швея-портной в свадебный салон,"{'from': 80000, 'to': None}",От 1 года до 3 лет,Опыт работы со свадебными\вечерними платьями. Аккуратность. Внимательность. Умение общаться с клиентами.,https://hh.ru/vacancy/79463502
"Швея-портной (мелкий ремонт одежды, ТЦ ""Мега Теплый Стан"")","{'from': 42000, 'to': None}",От 1 года до 3 лет,"Опыт работы с мужской одеждой от 1 года (швея, портной и т.д.). Опыт работы на машинке с оверлоком. Аккуратность.",https://hh.ru/vacancy/79875960
"Швея-портной (мелкий ремонт одежды), м. Каширская, ТРЦ ""Гудзон""","{'from': 42000, 'to': None}",От 1 года до 3 лет,"Опыт работы с мужской одеждой от 1 года (швея, портной и т.д.). Опыт работы на машинке с оверлоком. Аккуратность.",https://hh.ru/vacancy/71072777
Швея-портной,"{'from': 80000, 'to': None}",От 3 до 6 лет,навык пошива изделия (платье/брюки/рубашки сложного кроя и тд). - опыт работы с нежными и капризными тканями. - опыт работы на...,https://hh.ru/vacancy/79334935
Швея (производство мягкой мебели),"{'from': 70000, 'to': 110000}",От 1 года до 3 лет,"Опыт работы 1-3 года. Дисциплинированность, ответственность, аккуратность.",https://hh.ru/vacancy/78827818
Швея/Портной,"{'from': 60000, 'to': 130000}",От 3 до 6 лет,"Опыт работы на швейном производстве ОБЯЗАТЕЛЕН. Знания швейного оборудования. Личные качества: внимательность, ответственность.",https://hh.ru/vacancy/75835695
Швея-портной,"{'from': 55000, 'to': None}",От 1 года до 3 лет,,https://hh.ru/vacancy/79962527
Швея/портной (трикотаж),"{'from': 80000, 'to': 140000}",От 1 года до 3 лет,"Уметь быстро, качественно отшивать изделия пооперационно. Быть внимательным и ответственным профессионалом. Умение работать на современном производственном оборудовании. Умение работать с...",https://hh.ru/vacancy/79806950
Швея (автомобильная промышленность),"{'from': 120000, 'to': 130000}",От 3 до 6 лет,Требования: только с опытом работы в данной области от 5 лет.,https://hh.ru/vacancy/79593988
Швея-портной,"{'from': 55000, 'to': None}",От 1 года до 3 лет,Аккуратность. Опыт работы от 1 года.,https://hh.ru/vacancy/79274623
Швея,"{'from': 60000, 'to': 100000}",От 1 года до 3 лет,"Опыт работы на промышленном оборудовании. - Хорошая скорость. - Аккуратность, внимательность.",https://hh.ru/vacancy/79176371
Швея-портной,"{'from': 50000, 'to': 90000}",От 1 года до 3 лет,"опыт работы от года. - аккуратность, внимательность, точность в работе. - пунктуальность. - умение работать на промышленном оборудовании.",https://hh.ru/vacancy/79503777
Швея-портной,"{'from': 70000, 'to': None}",От 3 до 6 лет,Грамотная русская речь. Пунктуальность.,https://hh.ru/vacancy/79662276
Швея,"{'from': 40000, 'to': 100000}",От 1 года до 3 лет,"Умение работать с разными видами тканей. Знание швейного оборудования. Опыт работы приветствуется, но не обязателен. Аккуратность. Желание развиваться.",https://hh.ru/vacancy/78913204
Швея-портной,"{'from': 80000, 'to': 100000}",От 3 до 6 лет,Владение профессией конструктора/технолога/закройщика станет Вашим большим преимуществом.,https://hh.ru/vacancy/79402289
Швея/технолог-лаборант,"{'from': 80000, 'to': 200000}",От 3 до 6 лет,,https://hh.ru/vacancy/79950988
"Швея-портной (мелкий ремонт одежды), ТРЦ ""Дарья""","{'from': 42000, 'to': None}",От 1 года до 3 лет,"Опыт работы с мужской одеждой от 1 года (швея, портной и т.д.). Опыт работы на машинке с оверлоком. Аккуратность.",https://hh.ru/vacancy/79927328
Швея-лаборант,"{'from': 60000, 'to': 60000}",От 1 года до 3 лет,"Умение шить (трикотаж в том числе). Опыт работы не менее 1-го года по профилю. Знание технологии швейного производства, швейного...",https://hh.ru/vacancy/79729103
Швея-закройщица/закройщик на мягкую мебель,"{'from': 60000, 'to': 100000}",От 1 года до 3 лет,Аккуратность.,https://hh.ru/vacancy/79465101
Портной-лаборант/Швея,"{'from': 60000, 'to': None}",От 1 года до 3 лет,Опыт работы от 2-х лет. Образование в сфере конструирования и пошива одежды. Аккуратность и внимательность в работе. Ответственность.,https://hh.ru/vacancy/77665280
Швея-портной (Лаборант в эксперементальный цех),"{'from': 60000, 'to': None}",От 3 до 6 лет,"Опыт работы от 3х лет в экспериментальном цехе. Знание технологии пошива. Скорость и качество отшива приветствуется. Качества : внимательность, аккуратность...",https://hh.ru/vacancy/79734889
Швея по коже,"{'from': 60000, 'to': None}",От 1 года до 3 лет,"Аналогичный опыт работы от 1 года. Опыт работы на одноигольной машине челночного стежка с колонковой платформой. Внимательность, ответственность, желание работать.",https://hh.ru/vacancy/78511176
Мастер Ателье/Швея/Портной (Тц Л-153),"{'from': 45000, 'to': None}",Нет опыта,"Образование: не ниже среднего специального (профильное). Навык ремонта, подгонки и корректировки изделия по фигуре. Опыт работы с изделиями из кожи...",https://hh.ru/vacancy/76500590
"Швея-портной (мелкий ремонт одежды, ТРЦ ""Прайм Плаза"")","{'from': 42000, 'to': None}",От 1 года до 3 лет,"Опыт работы с мужской одеждой от 1 года (швея, портной и т.д.). Опыт работы на машинке с оверлоком. Аккуратность.",https://hh.ru/vacancy/80003506
Портной/швея-универсал (курточные ткани),"{'from': 60000, 'to': 120000}",От 1 года до 3 лет,"Выполнение заказов в указанный срок. Высокое качество работы, точность сборки. Опыт работы на промышленном оборудовании. Образование: средне-специальное. ",https://hh.ru/vacancy/79518738
Швея,"{'from': 65000, 'to': None}",От 1 года до 3 лет,"Знание промышленного универсального и специального швейного оборудования. Владение технологией пошива изделий из ""тяжелых"" спецматериалов, баллистических тканей, спецодежды и средств защиты. ",https://hh.ru/vacancy/78609565
"Швея-портной (мелкий ремонт одежды, м. Калужская)","{'from': 45000, 'to': None}",От 1 года до 3 лет,"Опыт работы с мужской одеждой от 1 года (швея, портной и т.д.). Опыт работы на машинке с оверлоком. Аккуратность.",https://hh.ru/vacancy/79373946
Швея-раскройщица / раскройщик на мебельное производство,"{'from': 55000, 'to': 85000}",От 1 года до 3 лет,Навыки в швейном деле. Желание работать.,https://hh.ru/vacancy/79954065
Швея,"{'from': 45000, 'to': None}",От 1 года до 3 лет,"Опыт работы с верхней одеждой, трикотажем, сорочечными тканями, умение шить изделия от начала и до конца, ремонт изделий.",https://hh.ru/vacancy/78972071
Швея-портной,"{'from': None, 'to': 100000}",От 3 до 6 лет,Опыт работы от 3х лет.,https://hh.ru/vacancy/79662178
Швея-портной на производство дизайнерских детских платьев,"{'from': 55000, 'to': 80000}",От 1 года до 3 лет,Умение кроить - является преимуществом.,https://hh.ru/vacancy/79439539
Мастер в автоателье / Швея,,От 3 до 6 лет,,https://hh.ru/vacancy/79690568
Швея,"{'from': 80000, 'to': None}",Более 6 лет,"Полная сборка изделия. Владение работы с прямострочкой, оверлоком, распошивалкой (промышленное оборудование. Владение ВТО. Быстрота и качество. Наличие опыта качественного пошива...",https://hh.ru/vacancy/79187022
"Швея-портной (по мелкому ремонту одежды, м. Пролетарская)","{'from': 46000, 'to': None}",От 1 года до 3 лет,"Опыт работы с мужской одеждой от 1 года (швея, портной и т.д.). Опыт работы на машинке с оверлоком. Аккуратность.",https://hh.ru/vacancy/78770904
Мастер ателье / швея,"{'from': 60000, 'to': None}",От 1 года до 3 лет,"Опыт работы от 2-х лет. Умение работать на различных швейных машинах. Коммуникабельность, навык работы в команде.",https://hh.ru/vacancy/79239910
Швея/Швея-портная/портной в ателье при свадебном салоне,"{'from': 40000, 'to': 60000}",От 1 года до 3 лет,Уметь шить.,https://hh.ru/vacancy/79681865
Швея,"{'from': 50000, 'to': None}",От 1 года до 3 лет,"Требуется швея по коже, с умением выполнять ручные операции (загибка, окрашивание уреза и т. д.). Рассмотрим кандидатов работающих на тяжёлых...",https://hh.ru/vacancy/79365308
Швея/кастелянша в гостиницу,"{'from': 40000, 'to': None}",От 1 года до 3 лет,Опыт работы: от 1 года. Умение работать в команде. Опыт работы в гостинице приветствуется.,https://hh.ru/vacancy/79531991
Швея-портная/портной,"{'from': 50000, 'to': 80000}",От 1 года до 3 лет,"Умение работать с трикотажем, с тканями любой сложности. -Умение работать на разном оборудовании: прямострочка, оверлок, распошив. - Добросовестность, внимательность, ответственность, исполнительность...",https://hh.ru/vacancy/79700853
Швея / Мастер ателье / Портной (ТЦ Щелковский),"{'from': 40000, 'to': None}",От 1 года до 3 лет,"Образование: не ниже среднего специального (профильное). Навык ремонта, подгонки и корректировки изделия по фигуре. Опыт работы с изделиями из кожи...",https://hh.ru/vacancy/78442466
Швея,"{'from': 65000, 'to': 65000}",От 1 года до 3 лет,"Среднее специальное образование. Желателен стаж работы по данному направлению. Исполнительность, трудолюбие, дисциплинированность, устойчивое внимание, аккуратность, быстрое и качественное выполнение поставленных...",https://hh.ru/vacancy/79848324
Швея в трикотажный цех,"{'from': 60000, 'to': None}",От 1 года до 3 лет,"Аналогичный опыт работы от 1 года на швейном производстве в трикотажном цехе. Опыт работы на оверлоке, плоскошовной машине, прямострочке. ",https://hh.ru/vacancy/78511227
Швея-лаборант,"{'from': 70000, 'to': None}",Более 6 лет,Опыт работы на промышленном швейном оборудовании. Знание технологии обработки верхней одежды. Внимательность к деталям.,https://hh.ru/vacancy/78972087
"Швея-портной (мелкий ремонт одежды, м. Партизанская)","{'from': 42000, 'to': None}",От 1 года до 3 лет,"Опыт работы с мужской одеждой от 1 года (швея, портной и т.д.). Опыт работы на машинке с оверлоком. Аккуратность.",https://hh.ru/vacancy/78875181
Швея на производство,"{'from': 44000, 'to': None}",От 1 года до 3 лет,"Опыт работы с изделиями из разных тканей. Опыт работы в потоке, скоростные навыки.",https://hh.ru/vacancy/78042861
Швея-портной на мебельное производство,"{'from': 50000, 'to': None}",Нет опыта,наличие профессионального образования (желательно).  навык работы на промышленном швейном оборудовании.  усидчивость.  аккуратность.  желание развиваться в профессии.  целеустремленность.  возможно без опыта...,https://hh.ru/vacancy/79728825
Швея,,От 1 года до 3 лет,Опыт работы обязателен. Внимательность и аккуратность в исполнении заказов и сроках.,https://hh.ru/vacancy/80239199
Швея,"{'from': 55000, 'to': 120000}",От 1 года до 3 лет,"Опыт работы от 1 года. Пунктуальность, трудолюбие, работа на результат. Готовы принять с минимальным опытом, но с большим желанием работать...",https://hh.ru/vacancy/80239401
Швея-портная/портной,"{'from': 50000, 'to': 80000}",От 1 года до 3 лет,"Умение работать с трикотажем, с тканями любой сложности. -Умение работать на разном оборудовании: прямострочка, оверлок, распошив. - Добросовестность, внимательность, ответственность, исполнительность...",https://hh.ru/vacancy/79700853
Швея / Мастер ателье / Портной (ТЦ Щелковский),"{'from': 40000, 'to': None}",От 1 года до 3 лет,"Образование: не ниже среднего специального (профильное). Навык ремонта, подгонки и корректировки изделия по фигуре. Опыт работы с изделиями из кожи...",https://hh.ru/vacancy/78442466
Швея,"{'from': 65000, 'to': 65000}",От 1 года до 3 лет,"Среднее специальное образование. Желателен стаж работы по данному направлению. Исполнительность, трудолюбие, дисциплинированность, устойчивое внимание, аккуратность, быстрое и качественное выполнение поставленных...",https://hh.ru/vacancy/79848324
Швея в трикотажный цех,"{'from': 60000, 'to': None}",От 1 года до 3 лет,"Аналогичный опыт работы от 1 года на швейном производстве в трикотажном цехе. Опыт работы на оверлоке, плоскошовной машине, прямострочке. ",https://hh.ru/vacancy/78511227
Швея-лаборант,"{'from': 70000, 'to': None}",Более 6 лет,Опыт работы на промышленном швейном оборудовании. Знание технологии обработки верхней одежды. Внимательность к деталям.,https://hh.ru/vacancy/78972087
"Швея-портной (мелкий ремонт одежды, м. Партизанская)","{'from': 42000, 'to': None}",От 1 года до 3 лет,"Опыт работы с мужской одеждой от 1 года (швея, портной и т.д.). Опыт работы на машинке с оверлоком. Аккуратность.",https://hh.ru/vacancy/78875181
Швея на производство,"{'from': 44000, 'to': None}",От 1 года до 3 лет,"Опыт работы с изделиями из разных тканей. Опыт работы в потоке, скоростные навыки.",https://hh.ru/vacancy/78042861
Швея-портной на мебельное производство,"{'from': 50000, 'to': None}",Нет опыта,наличие профессионального образования (желательно).  навык работы на промышленном швейном оборудовании.  усидчивость.  аккуратность.  желание развиваться в профессии.  целеустремленность.  возможно без опыта...,https://hh.ru/vacancy/79728825
Швея,,От 1 года до 3 лет,Опыт работы обязателен. Внимательность и аккуратность в исполнении заказов и сроках.,https://hh.ru/vacancy/80239199
Швея,"{'from': 55000, 'to': 120000}",От 1 года до 3 лет,"Опыт работы от 1 года. Пунктуальность, трудолюбие, работа на результат. Готовы принять с минимальным опытом, но с большим желанием работать...",https://hh.ru/vacancy/80239401
Швея-портная/портной,"{'from': 50000, 'to': 80000}",От 1 года до 3 лет,"Умение работать с трикотажем, с тканями любой сложности. -Умение работать на разном оборудовании: прямострочка, оверлок, распошив. - Добросовестность, внимательность, ответственность, исполнительность...",https://hh.ru/vacancy/79700853
Швея / Мастер ателье / Портной (ТЦ Щелковский),"{'from': 40000, 'to': None}",От 1 года до 3 лет,"Образование: не ниже среднего специального (профильное). Навык ремонта, подгонки и корректировки изделия по фигуре. Опыт работы с изделиями из кожи...",https://hh.ru/vacancy/78442466
Швея,"{'from': 65000, 'to': 65000}",От 1 года до 3 лет,"Среднее специальное образование. Желателен стаж работы по данному направлению. Исполнительность, трудолюбие, дисциплинированность, устойчивое внимание, аккуратность, быстрое и качественное выполнение поставленных...",https://hh.ru/vacancy/79848324
Швея в трикотажный цех,"{'from': 60000, 'to': None}",От 1 года до 3 лет,"Аналогичный опыт работы от 1 года на швейном производстве в трикотажном цехе. Опыт работы на оверлоке, плоскошовной машине, прямострочке. ",https://hh.ru/vacancy/78511227
Швея-лаборант,"{'from': 70000, 'to': None}",Более 6 лет,Опыт работы на промышленном швейном оборудовании. Знание технологии обработки верхней одежды. Внимательность к деталям.,https://hh.ru/vacancy/78972087
"Швея-портной (мелкий ремонт одежды, м. Партизанская)","{'from': 42000, 'to': None}",От 1 года до 3 лет,"Опыт работы с мужской одеждой от 1 года (швея, портной и т.д.). Опыт работы на машинке с оверлоком. Аккуратность.",https://hh.ru/vacancy/78875181
Швея на производство,"{'from': 44000, 'to': None}",От 1 года до 3 лет,"Опыт работы с изделиями из разных тканей. Опыт работы в потоке, скоростные навыки.",https://hh.ru/vacancy/78042861
Швея-портной на мебельное производство,"{'from': 50000, 'to': None}",Нет опыта,наличие профессионального образования (желательно).  навык работы на промышленном швейном оборудовании.  усидчивость.  аккуратность.  желание развиваться в профессии.  целеустремленность.  возможно без опыта...,https://hh.ru/vacancy/79728825
Швея,,От 1 года до 3 лет,Опыт работы обязателен. Внимательность и аккуратность в исполнении заказов и сроках.,https://hh.ru/vacancy/80239199
Швея,"{'from': 55000, 'to': 120000}",От 1 года до 3 лет,"Опыт работы от 1 года. Пунктуальность, трудолюбие, работа на результат. Готовы принять с минимальным опытом, но с большим желанием работать...",https://hh.ru/vacancy/80239401
